rb_over_a,delta_over_omega,threshold_temperature_over_omega
1,0,0.175324408767
1,0.1379310345,0.167252303384
1,0.275862069,0.160884186972
1,0.4137931034,0.153773153617
1,0.5517241379,0.148216216129
1,0.6896551724,0.144537430396
1,0.8275862069,0.142419716584
1,0.9655172414,0.141712805351
1,1.103448276,0.14237041816
1,1.24137931,0.144426847156
1,1.379310345,0.148008444103
1,1.517241379,0.153381532287
1,1.655172414,0.16045606262
1,1.793103448,0.166692937191
1,1.931034483,0.174499894465
1,2.068965517,0.184522481412
1,2.206896552,0.196139820702
1,2.344827586,0.206818184784
1,2.482758621,0.220341490725
1,2.620689655,0.234314424501
1,2.75862069,0.249081945509
1,2.896551724,0.265806021833
1,3.034482759,0.282390498572
1,3.172413793,0.300812246888
1,3.310344828,0.319532084508
1,3.448275862,0.338970731012
1,3.586206897,0.360041621532
1,3.724137931,0.379962748936
1,3.862068966,0.401653994934
1,4,0.423529614917
1.0464,0,0.172652903742
1.0464,0.1379310345,0.163538871933
1.0464,0.275862069,0.153933065066
1.0464,0.4137931034,0.144863910292
1.0464,0.5517241379,0.137992679802
1.0464,0.6896551724,0.13267904581
1.0464,0.8275862069,0.128602618858
1.0464,0.9655172414,0.125491248326
1.0464,1.103448276,0.122568527108
1.0464,1.24137931,0.121292834485
1.0464,1.379310345,0.121479332412
1.0464,1.517241379,0.123120676936
1.0464,1.655172414,0.126203806018
1.0464,1.793103448,0.129420867603
1.0464,1.931034483,0.133787323993
1.0464,2.068965517,0.139471031572
1.0464,2.206896552,0.146819387713
1.0464,2.344827586,0.156498247913
1.0464,2.482758621,0.165604101798
1.0464,2.620689655,0.175247618605
1.0464,2.75862069,0.187391399505
1.0464,2.896551724,0.199653284709
1.0464,3.034482759,0.212170680344
1.0464,3.172413793,0.227723709027
1.0464,3.310344828,0.241375199485
1.0464,3.448275862,0.258446381164
1.0464,3.586206897,0.274234397017
1.0464,3.724137931,0.293064528197
1.0464,3.862068966,0.310433928205
1.0464,4,0.330504045774
1.0928,0,0.169904325905
1.0928,0.1379310345,0.159892979968
1.0928,0.275862069,0.147245665799
1.0928,0.4137931034,0.13745134221
1.0928,0.5517241379,0.129519843901
1.0928,0.6896551724,0.121174097913
1.0928,0.8275862069,0.113653290984
1.0928,0.9655172414,0.108625206668
1.0928,1.103448276,0.105610855573
1.0928,1.24137931,0.104247546715
1.0928,1.379310345,0.10407530662
1.0928,1.517241379,0.104540094919
1.0928,1.655172414,0.105132746169
1.0928,1.793103448,0.105533051783
1.0928,1.931034483,0.105695187363
1.0928,2.068965517,0.105860363378
1.0928,2.206896552,0.10649641925
1.0928,2.344827586,0.108178572814
1.0928,2.482758621,0.111465157977
1.0928,2.620689655,0.116878624724
1.0928,2.75862069,0.125087439997
1.0928,2.896551724,0.132518110005
1.0928,3.034482759,0.141203121691
1.0928,3.172413793,0.15216343228
1.0928,3.310344828,0.16400608782
1.0928,3.448275862,0.175034285478
1.0928,3.586206897,0.188776347244
1.0928,3.724137931,0.201820467576
1.0928,3.862068966,0.215827152078
1.0928,4,0.231532935272
1.1391,0,0.167358750455
1.1391,0.1379310345,0.155018764484
1.1391,0.275862069,0.141857035477
1.1391,0.4137931034,0.131496470634
1.1391,0.5517241379,0.120895788911
1.1391,0.6896551724,0.110815111884
1.1391,0.8275862069,0.104299710549
1.1391,0.9655172414,0.101334335859
1.1391,1.103448276,0.102360328507
1.1391,1.24137931,0.107256036186
1.1391,1.379310345,0.115368544887
1.1391,1.517241379,0.12603330844
1.1391,1.655172414,0.133914631679
1.1391,1.793103448,0.141277766343
1.1391,1.931034483,0.147545513792
1.1391,2.068965517,0.152042745021
1.1391,2.206896552,0.154161202305
1.1391,2.344827586,0.153585608342
1.1391,2.482758621,0.150426565552
1.1391,2.620689655,0.145174434279
1.1391,2.75862069,0.138509997182
1.1391,2.896551724,0.131105597321
1.1391,3.034482759,0.122603321139
1.1391,3.172413793,0.113727644224
1.1391,3.310344828,0.107942181659
1.1391,3.448275862,0.10587705616
1.1391,3.586206897,0.107908957149
1.1391,3.724137931,0.113961622771
1.1391,3.862068966,0.124205979735
1.1391,4,0.13396233733
1.1855,0,0.165179667584
1.1855,0.1379310345,0.150999453825
1.1855,0.275862069,0.137677262531
1.1855,0.4137931034,0.126845270081
1.1855,0.5517241379,0.113579884737
1.1855,0.6896551724,0.104444239143
1.1855,0.8275862069,0.0998012363218
1.1855,0.9655172414,0.101037641758
1.1855,1.103448276,0.108997429446
1.1855,1.24137931,0.124161085269
1.1855,1.379310345,0.139089567649
1.1855,1.517241379,0.157140502016
1.1855,1.655172414,0.172495919108
1.1855,1.793103448,0.188923308253
1.1855,1.931034483,0.202753713433
1.1855,2.068965517,0.215561829725
1.1855,2.206896552,0.228030636218
1.1855,2.344827586,0.236492650697
1.1855,2.482758621,0.243637206701
1.1855,2.620689655,0.248984625005
1.1855,2.75862069,0.252046555159
1.1855,2.896551724,0.252491659404
1.1855,3.034482759,0.250260860456
1.1855,3.172413793,0.245585235766
1.1855,3.310344828,0.23889940954
1.1855,3.448275862,0.230687061842
1.1855,3.586206897,0.219338631325
1.1855,3.724137931,0.20633252661
1.1855,3.862068966,0.193551776754
1.1855,4,0.176695330787
1.2319,0,0.163464633224
1.2319,0.1379310345,0.148031184176
1.2319,0.275862069,0.134599162159
1.2319,0.4137931034,0.121962668976
1.2319,0.5517241379,0.108843524283
1.2319,0.6896551724,0.100633944568
1.2319,0.8275862069,0.0983059826927
1.2319,0.9655172414,0.104012293327
1.2319,1.103448276,0.118673875176
1.2319,1.24137931,0.137243803809
1.2319,1.379310345,0.159221883257
1.2319,1.517241379,0.178011303021
1.2319,1.655172414,0.198964354121
1.2319,1.793103448,0.218098436019
1.2319,1.931034483,0.236830402769
1.2319,2.068965517,0.255347627235
1.2319,2.206896552,0.271983966961
1.2319,2.344827586,0.288787188104
1.2319,2.482758621,0.303634450558
1.2319,2.620689655,0.317647763595
1.2319,2.75862069,0.330970010621
1.2319,2.896551724,0.341364525466
1.2319,3.034482759,0.350978387867
1.2319,3.172413793,0.35935885277
1.2319,3.310344828,0.364737597962
1.2319,3.448275862,0.367873191444
1.2319,3.586206897,0.369020937745
1.2319,3.724137931,0.368090723659
1.2319,3.862068966,0.365127504813
1.2319,4,0.360002780765
1.2783,0,0.162248522684
1.2783,0.1379310345,0.146009952304
1.2783,0.275862069,0.132499528372
1.2783,0.4137931034,0.11846959322
1.2783,0.5517241379,0.105856255637
1.2783,0.6896551724,0.0983874864052
1.2783,0.8275862069,0.0980123098328
1.2783,0.9655172414,0.107011127207
1.2783,1.103448276,0.126563752714
1.2783,1.24137931,0.14611792406
1.2783,1.379310345,0.168800122574
1.2783,1.517241379,0.192209179392
1.2783,1.655172414,0.21236580939
1.2783,1.793103448,0.234174614557
1.2783,1.931034483,0.255178015147
1.2783,2.068965517,0.274828439307
1.2783,2.206896552,0.295858584441
1.2783,2.344827586,0.314288797525
1.2783,2.482758621,0.333828432467
1.2783,2.620689655,0.352129415616
1.2783,2.75862069,0.370169141604
1.2783,2.896551724,0.38765376865
1.2783,3.034482759,0.404155376353
1.2783,3.172413793,0.419974765902
1.2783,3.310344828,0.434915204146
1.2783,3.448275862,0.448190691867
1.2783,3.586206897,0.461493564849
1.2783,3.724137931,0.471654172308
1.2783,3.862068966,0.480839208651
1.2783,4,0.488862069327
1.3247,0,0.16153091187
1.3247,0.1379310345,0.144830808042
1.3247,0.275862069,0.131266771189
1.3247,0.4137931034,0.1164936237
1.3247,0.5517241379,0.104115485131
1.3247,0.6896551724,0.0970164848331
1.3247,0.8275862069,0.0977155597398
1.3247,0.9655172414,0.108470344717
1.3247,1.103448276,0.129253479628
1.3247,1.24137931,0.150763950678
1.3247,1.379310345,0.17351486234
1.3247,1.517241379,0.197415712256
1.3247,1.655172414,0.219342105046
1.3247,1.793103448,0.240884628736
1.3247,1.931034483,0.263550501148
1.3247,2.068965517,0.284071552146
1.3247,2.206896552,0.305075567291
1.3247,2.344827586,0.326968845691
1.3247,2.482758621,0.346355940482
1.3247,2.620689655,0.367263856758
1.3247,2.75862069,0.387300333258
1.3247,2.896551724,0.407026910982
1.3247,3.034482759,0.427624333834
1.3247,3.172413793,0.446103665417
1.3247,3.310344828,0.465795692736
1.3247,3.448275862,0.483956465235
1.3247,3.586206897,0.502422190167
1.3247,3.724137931,0.519899755817
1.3247,3.862068966,0.536987047577
1.3247,4,0.55310585936
1.371,0,0.161290858508
1.371,0.1379310345,0.144401097507
1.371,0.275862069,0.130802879614
1.371,0.4137931034,0.115722174384
1.371,0.5517241379,0.103332554356
1.371,0.6896551724,0.0961479171946
1.371,0.8275862069,0.0969057894033
1.371,0.9655172414,0.107950705828
1.371,1.103448276,0.129251321088
1.371,1.24137931,0.151214336584
1.371,1.379310345,0.174198686217
1.371,1.517241379,0.198295870166
1.371,1.655172414,0.220844267013
1.371,1.793103448,0.242463550765
1.371,1.931034483,0.265298936324
1.371,2.068965517,0.286708343066
1.371,2.206896552,0.307832436562
1.371,2.344827586,0.330143252928
1.371,2.482758621,0.35057231317
1.371,2.620689655,0.371720466869
1.371,2.75862069,0.393548405801
1.371,2.896551724,0.413513590137
1.371,3.034482759,0.43476958006
1.371,3.172413793,0.455470920164
1.371,3.310344828,0.475804678511
1.371,3.448275862,0.497106531264
1.371,3.586206897,0.516804731244
1.371,3.724137931,0.537254750532
1.371,3.862068966,0.557435990721
1.371,4,0.576906098456
1.4174,0,0.161495034638
1.4174,0.1379310345,0.144641266859
1.4174,0.275862069,0.131019197863
1.4174,0.4137931034,0.115971995209
1.4174,0.5517241379,0.103361100017
1.4174,0.6896551724,0.0956777474773
1.4174,0.8275862069,0.0955475967773
1.4174,0.9655172414,0.105622661438
1.4174,1.103448276,0.126935013378
1.4174,1.24137931,0.148090543233
1.4174,1.379310345,0.171617228407
1.4174,1.517241379,0.196073113872
1.4174,1.655172414,0.218016092787
1.4174,1.793103448,0.240184310506
1.4174,1.931034483,0.2633931783
1.4174,2.068965517,0.284504320457
1.4174,2.206896552,0.306106218549
1.4174,2.344827586,0.328783233872
1.4174,2.482758621,0.349221531653
1.4174,2.620689655,0.370801025059
1.4174,2.75862069,0.392838184162
1.4174,2.896551724,0.413273821709
1.4174,3.034482759,0.434957799412
1.4174,3.172413793,0.456218884823
1.4174,3.310344828,0.477019761772
1.4174,3.448275862,0.498804706857
1.4174,3.586206897,0.51947259257
1.4174,3.724137931,0.540529766482
1.4174,3.862068966,0.562257549866
1.4174,4,0.582541529474
1.4638,0,0.162105974329
1.4638,0.1379310345,0.145488812699
1.4638,0.275862069,0.131839517937
1.4638,0.4137931034,0.117151695101
1.4638,0.5517241379,0.104152588445
1.4638,0.6896551724,0.0956971249285
1.4638,0.8275862069,0.0939115628523
1.4638,0.9655172414,0.101967068754
1.4638,1.103448276,0.120854816113
1.4638,1.24137931,0.142308411229
1.4638,1.379310345,0.166511830527
1.4638,1.517241379,0.190452037805
1.4638,1.655172414,0.212016544061
1.4638,1.793103448,0.235040474927
1.4638,1.931034483,0.258033200467
1.4638,2.068965517,0.278843084176
1.4638,2.206896552,0.301185715453
1.4638,2.344827586,0.323156286928
1.4638,2.482758621,0.344055228832
1.4638,2.620689655,0.366255106946
1.4638,2.75862069,0.387534194855
1.4638,2.896551724,0.408703310994
1.4638,3.034482759,0.430925564949
1.4638,3.172413793,0.451746590978
1.4638,3.310344828,0.473166059812
1.4638,3.448275862,0.495382637784
1.4638,3.586206897,0.515941271642
1.4638,3.724137931,0.537555056299
1.4638,3.862068966,0.559234088162
1.4638,4,0.580128555621
1.5102,0,0.16308177901
1.5102,0.1379310345,0.146890103004
1.5102,0.275862069,0.133192146761
1.5102,0.4137931034,0.119222891424
1.5102,0.5517241379,0.105700854991
1.5102,0.6896551724,0.0963816575171
1.5102,0.8275862069,0.0924720748322
1.5102,0.9655172414,0.0975984011646
1.5102,1.103448276,0.11266347629
1.5102,1.24137931,0.134725289038
1.5102,1.379310345,0.15940039236
1.5102,1.517241379,0.180700193505
1.5102,1.655172414,0.203821245316
1.5102,1.793103448,0.227737159774
1.5102,1.931034483,0.24856739881
1.5102,2.068965517,0.270747257907
1.5102,2.206896552,0.293872805249
1.5102,2.344827586,0.314224810957
1.5102,2.482758621,0.336206473261
1.5102,2.620689655,0.358384619287
1.5102,2.75862069,0.37912185212
1.5102,2.896551724,0.401158490201
1.5102,3.034482759,0.422735906255
1.5102,3.172413793,0.443836708415
1.5102,3.310344828,0.465977154291
1.5102,3.448275862,0.487164072991
1.5102,3.586206897,0.508549602254
1.5102,3.724137931,0.530785911073
1.5102,3.862068966,0.551703511649
1.5102,4,0.573302424092
1.5566,0,0.164378345318
1.5566,0.1379310345,0.148798198619
1.5566,0.275862069,0.135009593049
1.5566,0.4137931034,0.122182863179
1.5566,0.5517241379,0.10801051818
1.5566,0.6896551724,0.0978872975679
1.5566,0.8275862069,0.0915284556179
1.5566,0.9655172414,0.0932493006617
1.5566,1.103448276,0.104153806503
1.5566,1.24137931,0.125804688579
1.5566,1.379310345,0.146251656175
1.5566,1.517241379,0.169668383446
1.5566,1.655172414,0.194022556751
1.5566,1.793103448,0.215026968742
1.5566,1.931034483,0.237457863816
1.5566,2.068965517,0.260853841185
1.5566,2.206896552,0.281321252955
1.5566,2.344827586,0.30335383798
1.5566,2.482758621,0.325887885096
1.5566,2.620689655,0.346475049922
1.5566,2.75862069,0.368514557322
1.5566,2.896551724,0.390353267375
1.5566,3.034482759,0.411344562095
1.5566,3.172413793,0.43348793976
1.5566,3.310344828,0.454895910399
1.5566,3.448275862,0.476213436359
1.5566,3.586206897,0.498464218032
1.5566,3.724137931,0.519594344209
1.5566,3.862068966,0.541158291519
1.5566,4,0.563498171377
1.6029,0,0.165946044051
1.6029,0.1379310345,0.151162703374
1.6029,0.275862069,0.137221422137
1.6029,0.4137931034,0.125965944333
1.6029,0.5517241379,0.111072584965
1.6029,0.6896551724,0.100264730406
1.6029,0.8275862069,0.0924522931309
1.6029,0.9655172414,0.0884711914726
1.6029,1.103448276,0.0960723684641
1.6029,1.24137931,0.111138512645
1.6029,1.379310345,0.13319591128
1.6029,1.517241379,0.156568378601
1.6029,1.655172414,0.178004102635
1.6029,1.793103448,0.20121436552
1.6029,1.931034483,0.224366173412
1.6029,2.068965517,0.24518564761
1.6029,2.206896552,0.267688570929
1.6029,2.344827586,0.289851277674
1.6029,2.482758621,0.310761206562
1.6029,2.620689655,0.333098895936
1.6029,2.75862069,0.354607573022
1.6029,2.896551724,0.375827130722
1.6029,3.034482759,0.398195538419
1.6029,3.172413793,0.41931803475
1.6029,3.310344828,0.440825738888
1.6029,3.448275862,0.463266384595
1.6029,3.586206897,0.484158134292
1.6029,3.724137931,0.505892251604
1.6029,3.862068966,0.528193644378
1.6029,4,0.549150166541
1.6493,0,0.167743731144
1.6493,0.1379310345,0.153945933009
1.6493,0.275862069,0.139771793272
1.6493,0.4137931034,0.128626001312
1.6493,0.5517241379,0.114887781905
1.6493,0.6896551724,0.103468088559
1.6493,0.8275862069,0.0945540212321
1.6493,0.9655172414,0.0865100235285
1.6493,1.103448276,0.087536654827
1.6493,1.24137931,0.0986462447433
1.6493,1.379310345,0.116464756112
1.6493,1.517241379,0.138054551073
1.6493,1.655172414,0.162039631341
1.6493,1.793103448,0.183444702972
1.6493,1.931034483,0.205682423426
1.6493,2.068965517,0.229101663088
1.6493,2.206896552,0.250029830371
1.6493,2.344827586,0.271871971531
1.6493,2.482758621,0.29484958031
1.6493,2.620689655,0.315358158256
1.6493,2.75862069,0.337234677623
1.6493,2.896551724,0.359707633037
1.6493,3.034482759,0.380374907817
1.6493,3.172413793,0.402393727828
1.6493,3.310344828,0.424333115193
1.6493,3.448275862,0.445416172242
1.6493,3.586206897,0.467573922379
1.6493,3.724137931,0.489179921999
1.6493,3.862068966,0.510569104023
1.6493,4,0.532839487796
1.6957,0,0.169718004148
1.6957,0.1379310345,0.15708636564
1.6957,0.275862069,0.142587175733
1.6957,0.4137931034,0.131479260283
1.6957,0.5517241379,0.119420585828
1.6957,0.6896551724,0.107369699628
1.6957,0.8275862069,0.0978806104697
1.6957,0.9655172414,0.0885356126148
1.6957,1.103448276,0.0822147864674
1.6957,1.24137931,0.0860756979952
1.6957,1.379310345,0.0992859266014
1.6957,1.517241379,0.118181880162
1.6957,1.655172414,0.139491993814
1.6957,1.793103448,0.16319431616
1.6957,1.931034483,0.184806919733
1.6957,2.068965517,0.206709259675
1.6957,2.206896552,0.229950360316
1.6957,2.344827586,0.251076611369
1.6957,2.482758621,0.272771792101
1.6957,2.620689655,0.295674470525
1.6957,2.75862069,0.316399669084
1.6957,2.896551724,0.338199708398
1.6957,3.034482759,0.360948309059
1.6957,3.172413793,0.381525497096
1.6957,3.310344828,0.403491377519
1.6957,3.448275862,0.425700074863
1.6957,3.586206897,0.446709730229
1.6957,3.724137931,0.468822479757
1.6957,3.862068966,0.49068840048
1.6957,4,0.512011584426
1.7421,0,0.171816203483
1.7421,0.1379310345,0.160113311268
1.7421,0.275862069,0.145590755637
1.7421,0.4137931034,0.134429860583
1.7421,0.5517241379,0.124604036325
1.7421,0.6896551724,0.11182533106
1.7421,0.8275862069,0.101993064616
1.7421,0.9655172414,0.0935197925937
1.7421,1.103448276,0.0827843183604
1.7421,1.24137931,0.0780657293501
1.7421,1.379310345,0.0823829586705
1.7421,1.517241379,0.0969416119595
1.7421,1.655172414,0.115045828121
1.7421,1.793103448,0.136821647576
1.7421,1.931034483,0.160663483113
1.7421,2.068965517,0.181340473418
1.7421,2.206896552,0.203740811844
1.7421,2.344827586,0.227249054989
1.7421,2.482758621,0.247698921622
1.7421,2.620689655,0.26987198686
1.7421,2.75862069,0.292690765697
1.7421,2.896551724,0.313317358637
1.7421,3.034482759,0.335507186214
1.7421,3.172413793,0.357712131092
1.7421,3.310344828,0.378754096577
1.7421,3.448275862,0.401029251216
1.7421,3.586206897,0.422857443568
1.7421,3.724137931,0.444218380595
1.7421,3.862068966,0.466578836683
1.7421,4,0.488167975441
1.7884,0,0.173979143588
1.7884,0.1379310345,0.16225260661
1.7884,0.275862069,0.148688235172
1.7884,0.4137931034,0.137376195658
1.7884,0.5517241379,0.128271103863
1.7884,0.6896551724,0.116660280559
1.7884,0.8275862069,0.106485817201
1.7884,0.9655172414,0.0979660384379
1.7884,1.103448276,0.0883152385737
1.7884,1.24137931,0.0782133573711
1.7884,1.379310345,0.0735136675035
1.7884,1.517241379,0.0763020231312
1.7884,1.655172414,0.0904520500628
1.7884,1.793103448,0.107344783745
1.7884,1.931034483,0.130019285229
1.7884,2.068965517,0.151366637191
1.7884,2.206896552,0.173276465344
1.7884,2.344827586,0.196714043066
1.7884,2.482758621,0.218106786189
1.7884,2.620689655,0.239921221957
1.7884,2.75862069,0.26302075688
1.7884,2.896551724,0.284137716673
1.7884,3.034482759,0.305998279222
1.7884,3.172413793,0.328948406024
1.7884,3.310344828,0.349893110796
1.7884,3.448275862,0.371873189677
1.7884,3.586206897,0.39475049791
1.7884,3.724137931,0.415620922893
1.7884,3.862068966,0.43771636501
1.7884,4,0.460209881631
1.8348,0,0.176161439874
1.8348,0.1379310345,0.164344559336
1.8348,0.275862069,0.15179495952
1.8348,0.4137931034,0.140235008744
1.8348,0.5517241379,0.131199316669
1.8348,0.6896551724,0.121678179105
1.8348,0.8275862069,0.111072248459
1.8348,0.9655172414,0.102560449243
1.8348,1.103448276,0.0949009513424
1.8348,1.24137931,0.0839760405309
1.8348,1.379310345,0.0747144220084
1.8348,1.517241379,0.0690561189881
1.8348,1.655172414,0.0689184708093
1.8348,1.793103448,0.07739816911
1.8348,1.931034483,0.0960356276144
1.8348,2.068965517,0.115351379562
1.8348,2.206896552,0.137408999147
1.8348,2.344827586,0.161200912273
1.8348,2.482758621,0.182089068468
1.8348,2.620689655,0.204470292686
1.8348,2.75862069,0.22801258745
1.8348,2.896551724,0.248932264152
1.8348,3.034482759,0.271193881483
1.8348,3.172413793,0.294484687489
1.8348,3.310344828,0.315381086049
1.8348,3.448275862,0.337634435251
1.8348,3.586206897,0.360644513843
1.8348,3.724137931,0.381669551867
1.8348,3.862068966,0.403953117717
1.8348,4,0.426622234742
1.8812,0,0.178305986692
1.8812,0.1379310345,0.166333331315
1.8812,0.275862069,0.154801028955
1.8812,0.4137931034,0.142905893775
1.8812,0.5517241379,0.13382243306
1.8812,0.6896551724,0.126257854261
1.8812,0.8275862069,0.115458379283
1.8812,0.9655172414,0.106843152905
1.8812,1.103448276,0.0994903415188
1.8812,1.24137931,0.0925208259816
1.8812,1.379310345,0.0811218398481
1.8812,1.517241379,0.0725800538434
1.8812,1.655172414,0.0660074173919
1.8812,1.793103448,0.0622467339678
1.8812,1.931034483,0.064982084719
1.8812,2.068965517,0.0763607131064
1.8812,2.206896552,0.096984088952
1.8812,2.344827586,0.117534272807
1.8812,2.482758621,0.139468989496
1.8812,2.620689655,0.163180816796
1.8812,2.75862069,0.184861973748
1.8812,2.896551724,0.206996121467
1.8812,3.034482759,0.230455739218
1.8812,3.172413793,0.252271077443
1.8812,3.310344828,0.274347233171
1.8812,3.448275862,0.297569065696
1.8812,3.586206897,0.319401845408
1.8812,3.724137931,0.341468074947
1.8812,3.862068966,0.364525766528
1.8812,4,0.386336601809
1.9276,0,0.180366220618
1.9276,0.1379310345,0.168177884361
1.9276,0.275862069,0.157609192855
1.9276,0.4137931034,0.145305801162
1.9276,0.5517241379,0.136072886744
1.9276,0.6896551724,0.128591832215
1.9276,0.8275862069,0.119348821906
1.9276,0.9655172414,0.11053333463
1.9276,1.103448276,0.103294428861
1.9276,1.24137931,0.0968042878859
1.9276,1.379310345,0.0889019734455
1.9276,1.517241379,0.0791304724957
1.9276,1.655172414,0.0716569608562
1.9276,1.793103448,0.0652799419523
1.9276,1.931034483,0.0593351239938
1.9276,2.068965517,0.0527118170013
1.9276,2.206896552,0.0588733955623
1.9276,2.344827586,0.0706284434557
1.9276,2.482758621,0.0925851201403
1.9276,2.620689655,0.112026691899
1.9276,2.75862069,0.135143006715
1.9276,2.896551724,0.159273043559
1.9276,3.034482759,0.180095932679
1.9276,3.172413793,0.203123342074
1.9276,3.310344828,0.227106694392
1.9276,3.448275862,0.248390324946
1.9276,3.586206897,0.271206806077
1.9276,3.724137931,0.294917091644
1.9276,3.862068966,0.316513707128
1.9276,4,0.339153504125
1.974,0,0.182305392387
1.974,0.1379310345,0.16985039506
1.974,0.275862069,0.159884191082
1.974,0.4137931034,0.147375110206
1.974,0.5517241379,0.137911242555
1.974,0.6896551724,0.130390985291
1.974,0.8275862069,0.122484680686
1.974,0.9655172414,0.113433950772
1.974,1.103448276,0.106188688926
1.974,1.24137931,0.0999031334413
1.974,1.379310345,0.0940127067161
1.974,1.517241379,0.0850065797152
1.974,1.655172414,0.0769884836768
1.974,1.793103448,0.0707851799295
1.974,1.931034483,0.065521002076
1.974,2.068965517,0.0603644640449
1.974,2.206896552,0.0505859013942
1.974,2.344827586,0.0437010584255
1.974,2.482758621,0.0444216476226
1.974,2.620689655,0.0600975795872
1.974,2.75862069,0.0769213846625
1.974,2.896551724,0.100200677795
1.974,3.034482759,0.123839819291
1.974,3.172413793,0.144977009052
1.974,3.310344828,0.168470584664
1.974,3.448275862,0.192669448736
1.974,3.586206897,0.214095708906
1.974,3.724137931,0.237322724622
1.974,3.862068966,0.261415075791
1.974,4,0.283355152836
2.0203,0,0.184096016978
2.0203,0.1379310345,0.171335335144
2.0203,0.275862069,0.161203083951
2.0203,0.4137931034,0.149085138162
2.0203,0.5517241379,0.139331801129
2.0203,0.6896551724,0.131680307215
2.0203,0.8275862069,0.124720513447
2.0203,0.9655172414,0.115456498119
2.0203,1.103448276,0.108201978363
2.0203,1.24137931,0.102065942007
2.0203,1.379310345,0.09646057137
2.0203,1.517241379,0.0898516611794
2.0203,1.655172414,0.0811050518691
2.0203,1.793103448,0.0743038874526
2.0203,1.931034483,0.068823569377
2.0203,2.068965517,0.0642687358348
2.0203,2.206896552,0.0602995717456
2.0203,2.344827586,0.0535512519962
2.0203,2.482758621,0.046162217099
2.0203,2.620689655,0.0402608858983
2.0203,2.75862069,0.0363939690605
2.0203,2.896551724,0.0390971605946
2.0203,3.034482759,0.0589836858449
2.0203,3.172413793,0.0777010920721
2.0203,3.310344828,0.101709722393
2.0203,3.448275862,0.126502214167
2.0203,3.586206897,0.147612903677
2.0203,3.724137931,0.171014405867
2.0203,3.862068966,0.195416750561
2.0203,4,0.217735402241
2.0667,0,0.185736642071
2.0667,0.1379310345,0.172642254374
2.0667,0.275862069,0.162302698557
2.0667,0.4137931034,0.150456140333
2.0667,0.5517241379,0.140375919873
2.0667,0.6896551724,0.13252955845
2.0667,0.8275862069,0.125985613914
2.0667,0.9655172414,0.116657910642
2.0667,1.103448276,0.109480254167
2.0667,1.24137931,0.103667592128
2.0667,1.379310345,0.0986843518728
2.0667,1.517241379,0.0941841527824
2.0667,1.655172414,0.0881126661573
2.0667,1.793103448,0.0816706108916
2.0667,1.931034483,0.0759648369487
2.0667,2.068965517,0.0705316369916
2.0667,2.206896552,0.06512551057
2.0667,2.344827586,0.0596463910251
2.0667,2.482758621,0.050283797564
2.0667,2.620689655,0.0442806445831
2.0667,2.75862069,0.0411611406394
2.0667,2.896551724,0.0388125194303
2.0667,3.034482759,0.0359406561618
2.0667,3.172413793,0.0323424919266
2.0667,3.310344828,0.0323641329362
2.0667,3.448275862,0.045849697976
2.0667,3.586206897,0.0702243511976
2.0667,3.724137931,0.0957371377483
2.0667,3.862068966,0.117988109018
2.0667,4,0.141012086719
2.1131,0,0.187228146174
2.1131,0.1379310345,0.173784767135
2.1131,0.275862069,0.163212664246
2.1131,0.4137931034,0.151530549459
2.1131,0.5517241379,0.141107011711
2.1131,0.6896551724,0.133027865291
2.1131,0.8275862069,0.126339458808
2.1131,0.9655172414,0.117180129619
2.1131,1.103448276,0.110185439858
2.1131,1.24137931,0.104970847511
2.1131,1.379310345,0.10122362621
2.1131,1.517241379,0.0988328096347
2.1131,1.655172414,0.0976070576446
2.1131,1.793103448,0.0971200161398
2.1131,1.931034483,0.0967793088578
2.1131,2.068965517,0.0959901924261
2.1131,2.206896552,0.0942661393292
2.1131,2.344827586,0.0904928659704
2.1131,2.482758621,0.0833125796735
2.1131,2.620689655,0.0752600496085
2.1131,2.75862069,0.0668555216554
2.1131,2.896551724,0.0565719224227
2.1131,3.034482759,0.0416180161233
2.1131,3.172413793,0.0347440326156
2.1131,3.310344828,0.0332565881553
2.1131,3.448275862,0.0331479716684
2.1131,3.586206897,0.0315204714842
2.1131,3.724137931,0.0270942757946
2.1131,3.862068966,0.0311721182536
2.1131,4,0.0518367755738
2.1595,0,0.188587210334
2.1595,0.1379310345,0.17479026303
2.1595,0.275862069,0.163974400508
2.1595,0.4137931034,0.15237747259
2.1595,0.5517241379,0.141610797673
2.1595,0.6896551724,0.1332818268
2.1595,0.8275862069,0.126410404852
2.1595,0.9655172414,0.117210119905
2.1595,1.103448276,0.110450350099
2.1595,1.24137931,0.106030019458
2.1595,1.379310345,0.104005862023
2.1595,1.517241379,0.104548251738
2.1595,1.655172414,0.107451501459
2.1595,1.793103448,0.112103650839
2.1595,1.931034483,0.117736503626
2.1595,2.068965517,0.123521378077
2.1595,2.206896552,0.127422065891
2.1595,2.344827586,0.129247573624
2.1595,2.482758621,0.12966298868
2.1595,2.620689655,0.128496221336
2.1595,2.75862069,0.125500642308
2.1595,2.896551724,0.118271578378
2.1595,3.034482759,0.10965232071
2.1595,3.172413793,0.100264058703
2.1595,3.310344828,0.0879971116252
2.1595,3.448275862,0.0716689918378
2.1595,3.586206897,0.0565900350057
2.1595,3.724137931,0.0360542552804
2.1595,3.862068966,0.0269397305878
2.1595,4,0.0287734746553
2.2059,0,0.189838910647
2.2059,0.1379310345,0.175692218701
2.2059,0.275862069,0.164632662324
2.2059,0.4137931034,0.153075529954
2.2059,0.5517241379,0.141977674885
2.2059,0.6896551724,0.133397918866
2.2059,0.8275862069,0.126322585766
2.2059,0.9655172414,0.116932134297
2.2059,1.103448276,0.110363504542
2.2059,1.24137931,0.106732702381
2.2059,1.379310345,0.10654427635
2.2059,1.517241379,0.110316134649
2.2059,1.655172414,0.118139223196
2.2059,1.793103448,0.128304225316
2.2059,1.931034483,0.1365084815
2.2059,2.068965517,0.145199326236
2.2059,2.206896552,0.154102471491
2.2059,2.344827586,0.161473420442
2.2059,2.482758621,0.165872231286
2.2059,2.620689655,0.169050804071
2.2059,2.75862069,0.170827937896
2.2059,2.896551724,0.171048600591
2.2059,3.034482759,0.169621089033
2.2059,3.172413793,0.166532217238
2.2059,3.310344828,0.161825739089
2.2059,3.448275862,0.153401755657
2.2059,3.586206897,0.14271467406
2.2059,3.724137931,0.131718612887
2.2059,3.862068966,0.116623599918
2.2059,4,0.100663541998
2.2522,0,0.191010459428
2.2522,0.1379310345,0.17652424252
2.2522,0.275862069,0.165229599438
2.2522,0.4137931034,0.153700313779
2.2522,0.5517241379,0.142290711077
2.2522,0.6896551724,0.133471429393
2.2522,0.8275862069,0.126186515073
2.2522,0.9655172414,0.11651323008
2.2522,1.103448276,0.11000041507
2.2522,1.24137931,0.106931976916
2.2522,1.379310345,0.108272689084
2.2522,1.517241379,0.115006926614
2.2522,1.655172414,0.127168179199
2.2522,1.793103448,0.137948251703
2.2522,1.931034483,0.151136585166
2.2522,2.068965517,0.164201870853
2.2522,2.206896552,0.17456979369
2.2522,2.344827586,0.185267947382
2.2522,2.482758621,0.195061252429
2.2522,2.620689655,0.201472874687
2.2522,2.75862069,0.20697968276
2.2522,2.896551724,0.211417254828
2.2522,3.034482759,0.214593127643
2.2522,3.172413793,0.216327047014
2.2522,3.310344828,0.216479806915
2.2522,3.448275862,0.214974172605
2.2522,3.586206897,0.211808514746
2.2522,3.724137931,0.207057923983
2.2522,3.862068966,0.200849666463
2.2522,4,0.193294409549
2.2986,0,0.192137527857
2.2986,0.1379310345,0.177323533038
2.2986,0.275862069,0.165806228448
2.2986,0.4137931034,0.154321900808
2.2986,0.5517241379,0.14262114378
2.2986,0.6896551724,0.133580468667
2.2986,0.8275862069,0.126093318645
2.2986,0.9655172414,0.116098336359
2.2986,1.103448276,0.109453728939
2.2986,1.24137931,0.106563394011
2.2986,1.379310345,0.108804047601
2.2986,1.517241379,0.117674987475
2.2986,1.655172414,0.131110944811
2.2986,1.793103448,0.145025047492
2.2986,1.931034483,0.162084443975
2.2986,2.068965517,0.175764030548
2.2986,2.206896552,0.19168563426
2.2986,2.344827586,0.203615921231
2.2986,2.482758621,0.21549841649
2.2986,2.620689655,0.227560079609
2.2986,2.75862069,0.235706957775
2.2986,2.896551724,0.243279271443
2.2986,3.034482759,0.25014780641
2.2986,3.172413793,0.256121971336
2.2986,3.310344828,0.260794117019
2.2986,3.448275862,0.263236803766
2.2986,3.586206897,0.264657245103
2.2986,3.724137931,0.265006035163
2.2986,3.862068966,0.264234294576
2.2986,4,0.262295429247
2.345,0,0.193197085386
2.345,0.1379310345,0.178117903521
2.345,0.275862069,0.166392851855
2.345,0.4137931034,0.154993148646
2.345,0.5517241379,0.143021600695
2.345,0.6896551724,0.133782607505
2.345,0.8275862069,0.126114069319
2.345,0.9655172414,0.115816609712
2.345,1.103448276,0.108852769479
2.345,1.24137931,0.105696926282
2.345,1.379310345,0.108031912721
2.345,1.517241379,0.117793682108
2.345,1.655172414,0.132488661134
2.345,1.793103448,0.148681257031
2.345,1.931034483,0.16673547885
2.345,2.068965517,0.183719818215
2.345,2.206896552,0.200647094016
2.345,2.344827586,0.2160368398
2.345,2.482758621,0.231486269985
2.345,2.620689655,0.244189359909
2.345,2.75862069,0.257773399799
2.345,2.896551724,0.268264794625
2.345,3.034482759,0.277718790836
2.345,3.172413793,0.286854501472
2.345,3.310344828,0.295050344824
2.345,3.448275862,0.300533392268
2.345,3.586206897,0.30521309492
2.345,3.724137931,0.309030849983
2.345,3.862068966,0.311928326134
2.345,4,0.313851945362
